"date","cases","deaths","daily_cases","daily_deaths","cases_7dayMA","deaths_7dayMA"
2019-10-01,0,0,0,0,0,0
2019-10-02,0,0,0,0,0,0
2019-10-03,0,0,0,0,0,0
2019-10-04,0,0,0,0,0,0
2019-10-05,0,0,0,0,0,0
2019-10-06,0,0,0,0,0,0
2019-10-07,0,0,0,0,0,0
2019-10-08,0,0,0,0,0,0
2019-10-09,0,0,0,0,0,0
2019-10-10,0,0,0,0,0,0
2019-10-11,0,0,0,0,0,0
2019-10-12,0,0,0,0,0,0
2019-10-13,0,0,0,0,0,0
2019-10-14,0,0,0,0,0,0
2019-10-15,0,0,0,0,0,0
2019-10-16,0,0,0,0,0,0
2019-10-17,0,0,0,0,0,0
2019-10-18,0,0,0,0,0,0
2019-10-19,0,0,0,0,0,0
2019-10-20,0,0,0,0,0,0
2019-10-21,0,0,0,0,0,0
2019-10-22,0,0,0,0,0,0
2019-10-23,0,0,0,0,0,0
2019-10-24,0,0,0,0,0,0
2019-10-25,0,0,0,0,0,0
2019-10-26,0,0,0,0,0,0
2019-10-27,0,0,0,0,0,0
2019-10-28,0,0,0,0,0,0
2019-10-29,0,0,0,0,0,0
2019-10-30,0,0,0,0,0,0
2019-10-31,0,0,0,0,0,0
2019-11-01,0,0,0,0,0,0
2019-11-02,0,0,0,0,0,0
2019-11-03,0,0,0,0,0,0
2019-11-04,0,0,0,0,0,0
2019-11-05,0,0,0,0,0,0
2019-11-06,0,0,0,0,0,0
2019-11-07,0,0,0,0,0,0
2019-11-08,0,0,0,0,0,0
2019-11-09,0,0,0,0,0,0
2019-11-10,0,0,0,0,0,0
2019-11-11,0,0,0,0,0,0
2019-11-12,0,0,0,0,0,0
2019-11-13,0,0,0,0,0,0
2019-11-14,0,0,0,0,0,0
2019-11-15,0,0,0,0,0,0
2019-11-16,0,0,0,0,0,0
2019-11-17,0,0,0,0,0,0
2019-11-18,0,0,0,0,0,0
2019-11-19,0,0,0,0,0,0
2019-11-20,0,0,0,0,0,0
2019-11-21,0,0,0,0,0,0
2019-11-22,0,0,0,0,0,0
2019-11-23,0,0,0,0,0,0
2019-11-24,0,0,0,0,0,0
2019-11-25,0,0,0,0,0,0
2019-11-26,0,0,0,0,0,0
2019-11-27,0,0,0,0,0,0
2019-11-28,0,0,0,0,0,0
2019-11-29,0,0,0,0,0,0
2019-11-30,0,0,0,0,0,0
2019-12-01,0,0,0,0,0,0
2019-12-02,0,0,0,0,0,0
2019-12-03,0,0,0,0,0,0
2019-12-04,0,0,0,0,0,0
2019-12-05,0,0,0,0,0,0
2019-12-06,0,0,0,0,0,0
2019-12-07,0,0,0,0,0,0
2019-12-08,0,0,0,0,0,0
2019-12-09,0,0,0,0,0,0
2019-12-10,0,0,0,0,0,0
2019-12-11,0,0,0,0,0,0
2019-12-12,0,0,0,0,0,0
2019-12-13,0,0,0,0,0,0
2019-12-14,0,0,0,0,0,0
2019-12-15,0,0,0,0,0,0
2019-12-16,0,0,0,0,0,0
2019-12-17,0,0,0,0,0,0
2019-12-18,0,0,0,0,0,0
2019-12-19,0,0,0,0,0,0
2019-12-20,0,0,0,0,0,0
2019-12-21,0,0,0,0,0,0
2019-12-22,0,0,0,0,0,0
2019-12-23,0,0,0,0,0,0
2019-12-24,0,0,0,0,0,0
2019-12-25,0,0,0,0,0,0
2019-12-26,0,0,0,0,0,0
2019-12-27,0,0,0,0,0,0
2019-12-28,0,0,0,0,0,0
2019-12-29,0,0,0,0,0,0
2019-12-30,0,0,0,0,0,0
2019-12-31,0,0,0,0,0,0
2020-01-01,0,0,0,0,0,0
2020-01-02,0,0,0,0,0,0
2020-01-03,0,0,0,0,0,0
2020-01-04,0,0,0,0,0,0
2020-01-05,0,0,0,0,0,0
2020-01-06,0,0,0,0,0,0
2020-01-07,0,0,0,0,0,0
2020-01-08,0,0,0,0,0,0
2020-01-09,0,0,0,0,0,0
2020-01-10,0,0,0,0,0,0
2020-01-11,0,0,0,0,0,0
2020-01-12,0,0,0,0,0,0
2020-01-13,0,0,0,0,0,0
2020-01-14,0,0,0,0,0,0
2020-01-15,0,0,0,0,0,0
2020-01-16,0,0,0,0,0,0
2020-01-17,0,0,0,0,0,0
2020-01-18,0,0,0,0,0,0
2020-01-19,0,0,0,0,0,0
2020-01-20,0,0,0,0,0,0
2020-01-21,0,0,0,0,0,0
2020-01-22,0,0,0,0,0,0
2020-01-23,0,0,0,0,0,0
2020-01-24,0,0,0,0,0,0
2020-01-25,0,0,0,0,0,0
2020-01-26,0,0,0,0,0,0
2020-01-27,0,0,0,0,0,0
2020-01-28,0,0,0,0,0,0
2020-01-29,0,0,0,0,0,0
2020-01-30,0,0,0,0,0,0
2020-01-31,0,0,0,0,0,0
2020-02-01,0,0,0,0,0,0
2020-02-02,0,0,0,0,0,0
2020-02-03,0,0,0,0,0,0
2020-02-04,0,0,0,0,0,0
2020-02-05,0,0,0,0,0,0
2020-02-06,0,0,0,0,0,0
2020-02-07,0,0,0,0,0,0
2020-02-08,0,0,0,0,0,0
2020-02-09,0,0,0,0,0,0
2020-02-10,0,0,0,0,0,0
2020-02-11,0,0,0,0,0,0
2020-02-12,0,0,0,0,0,0
2020-02-13,0,0,0,0,0,0
2020-02-14,0,0,0,0,0,0
2020-02-15,0,0,0,0,0,0
2020-02-16,0,0,0,0,0,0
2020-02-17,0,0,0,0,0,0
2020-02-18,0,0,0,0,0,0
2020-02-19,0,0,0,0,0,0
2020-02-20,0,0,0,0,0,0
2020-02-21,0,0,0,0,0,0
2020-02-22,0,0,0,0,0,0
2020-02-23,0,0,0,0,0,0
2020-02-24,0,0,0,0,0,0
2020-02-25,0,0,0,0,0,0
2020-02-26,0,0,0,0,0,0
2020-02-27,0,0,0,0,0,0
2020-02-28,0,0,0,0,0,0
2020-02-29,0,0,0,0,0,0
2020-03-01,1,0,1,0,0,0
2020-03-02,1,0,0,0,0,0
2020-03-03,2,0,1,0,0,0
2020-03-04,2,0,0,0,0,0
2020-03-05,4,0,2,0,0,0
2020-03-06,5,0,1,0,0,0
2020-03-07,12,0,7,0,1.71428571428571,0
2020-03-08,14,0,2,0,1.85714285714286,0
2020-03-09,20,0,6,0,2.71428571428571,0
2020-03-10,37,0,17,0,5,0
2020-03-11,52,0,15,0,7.14285714285714,0
2020-03-12,96,0,44,0,13.1428571428571,0
2020-03-13,155,0,59,0,21.4285714285714,0
2020-03-14,269,1,114,1,36.7142857142857,0.142857142857143
2020-03-15,330,5,61,4,45.1428571428571,0.714285714285714
2020-03-16,464,7,134,2,63.4285714285714,1
2020-03-17,646,11,182,4,87,1.57142857142857
2020-03-18,1344,25,698,14,184.571428571429,3.57142857142857
2020-03-19,2477,31,1133,6,340.142857142857,4.42857142857143
2020-03-20,4419,54,1942,23,609.142857142857,7.71428571428571
2020-03-21,6226,75,1807,21,851,10.5714285714286
2020-03-22,9065,119,2839,44,1247.85714285714,16.2857142857143
2020-03-23,12329,155,3264,36,1695,21.1428571428571
2020-03-24,14943,230,2614,75,2042.42857142857,31.2857142857143
2020-03-25,20061,330,5118,100,2673.85714285714,43.5714285714286
2020-03-26,23182,435,3121,105,2957.85714285714,57.7142857142857
2020-03-27,25509,560,2327,125,3012.85714285714,72.2857142857143
2020-03-28,30919,825,5410,265,3527.57142857143,107.142857142857
2020-03-29,33983,991,3064,166,3559.71428571429,124.571428571429
2020-03-30,38375,1202,4392,211,3720.85714285714,149.571428571429
2020-03-31,43518,1475,5143,273,4082.14285714286,177.857142857143
2020-04-01,47914,1848,4396,373,3979,216.857142857143
2020-04-02,52400,2152,4486,304,4174,245.285714285714
2020-04-03,57941,2648,5541,496,4633.14285714286,298.285714285714
2020-04-04,64274,3221,6333,573,4765,342.285714285714
2020-04-05,68726,3646,4452,425,4963.28571428571,379.285714285714
2020-04-06,73553,4857,4827,1211,5025.42857142857,522.142857142857
2020-04-07,78498,5631,4945,774,4997.14285714286,593.714285714286
2020-04-08,83673,6441,5175,810,5108.42857142857,656.142857142857
2020-04-09,89127,7249,5454,808,5246.71428571429,728.142857142857
2020-04-10,94702,7981,5575,732,5251.57142857143,761.857142857143
2020-04-11,100840,8734,6138,753,5223.71428571429,787.571428571429
2020-04-12,105939,9448,5099,714,5316.14285714286,828.857142857143
2020-04-13,109706,10096,3767,648,5164.71428571429,748.428571428571
2020-04-14,113632,10857,3926,761,5019.14285714286,746.571428571429
2020-04-15,121653,11566,8021,709,5425.71428571429,732.142857142857
2020-04-16,126623,12109,4970,543,5356.57142857143,694.285714285714
2020-04-17,131003,12283,4380,174,5185.85714285714,614.571428571429
2020-04-18,135052,12411,4049,128,4887.42857142857,525.285714285714
2020-04-19,138370,13632,3318,1221,4633,597.714285714286
2020-04-20,140881,14074,2511,442,4453.57142857143,568.285714285714
2020-04-21,143547,14513,2666,439,4273.57142857143,522.285714285714
2020-04-22,146787,14959,3240,446,3590.57142857143,484.714285714286
2020-04-23,150327,15361,3540,402,3386.28571428571,464.571428571429
2020-04-24,155081,15754,4754,393,3439.71428571429,495.857142857143
2020-04-25,159851,16146,4770,392,3542.71428571429,533.571428571429
2020-04-26,163106,16486,3255,340,3533.71428571429,407.714285714286
2020-04-27,165463,16821,2357,335,3511.71428571429,392.428571428571
2020-04-28,167487,17206,2024,385,3420,384.714285714286
2020-04-29,170124,17597,2637,391,3333.85714285714,376.857142857143
2020-04-30,172784,17809,2660,212,3208.14285714286,349.714285714286
2020-05-01,174931,17931,2147,122,2835.71428571429,311
2020-05-02,177490,18021,2559,90,2519.85714285714,267.857142857143
2020-05-03,179728,18451,2238,430,2374.57142857143,280.714285714286
2020-05-04,181034,18580,1306,129,2224.42857142857,251.285714285714
2020-05-05,182318,18719,1284,139,2118.71428571429,216.142857142857
2020-05-06,183770,18993,1452,274,1949.42857142857,199.428571428571
2020-05-07,185653,19141,1883,148,1838.42857142857,190.285714285714
2020-05-08,187157,19210,1504,69,1746.57142857143,182.714285714286
2020-05-09,188663,19324,1506,114,1596.14285714286,186.142857142857
2020-05-10,189656,19436,993,112,1418.28571428571,140.714285714286
2020-05-11,190546,19563,890,127,1358.85714285714,140.428571428571
2020-05-12,191320,19736,774,173,1286,145.285714285714
2020-05-13,192394,19815,1074,79,1232,117.428571428571
2020-05-14,193663,19904,1269,89,1144.28571428571,109
2020-05-15,195472,19972,1809,68,1187.85714285714,108.857142857143
2020-05-16,196481,20071,1009,99,1116.85714285714,106.714285714286
2020-05-17,197486,20214,1005,143,1118.57142857143,111.142857142857
2020-05-18,198114,20298,628,84,1081.14285714286,105
2020-05-19,198710,20376,596,78,1055.71428571429,91.4285714285714
2020-05-20,199392,20422,682,46,999.714285714286,86.7142857142857
2020-05-21,200507,20491,1115,69,977.714285714286,83.8571428571429
2020-05-22,201298,20569,791,78,832.285714285714,85.2857142857143
2020-05-23,202062,20621,764,52,797.285714285714,78.5714285714286
2020-05-24,202931,20697,869,76,777.857142857143,69
2020-05-25,203569,20740,638,43,779.285714285714,63.1428571428571
2020-05-26,204111,20795,542,55,771.571428571429,59.8571428571429
2020-05-27,204781,20844,670,49,769.857142857143,60.2857142857143
2020-05-28,205854,20895,1073,51,763.857142857143,57.7142857142857
2020-05-29,206800,20960,946,65,786,55.8571428571429
2020-05-30,207539,20991,739,31,782.428571428571,52.8571428571429
2020-05-31,208085,21050,546,59,736.285714285714,50.4285714285714
2020-06-01,208550,21090,465,40,711.571428571429,50
2020-06-02,209195,21132,645,42,726.285714285714,48.1428571428571
2020-06-03,209688,21170,493,38,701,46.5714285714286
2020-06-04,210227,21234,539,64,624.714285714286,48.4285714285714
2020-06-05,210728,21262,501,28,561.142857142857,43.1428571428571
2020-06-06,211274,21294,546,32,533.571428571429,43.2857142857143
2020-06-07,211728,21323,454,29,520.428571428571,39
2020-06-08,212122,21356,394,33,510.285714285714,38
2020-06-09,212469,21396,347,40,467.714285714286,37.7142857142857
2020-06-10,212884,21436,415,40,456.571428571429,38
2020-06-11,213271,21468,387,32,434.857142857143,33.4285714285714
2020-06-12,213707,21519,436,51,425.571428571429,36.7142857142857
2020-06-13,214242,21551,535,32,424,36.7142857142857
2020-06-14,214627,21578,385,27,414.142857142857,36.4285714285714
2020-06-15,215011,21600,384,22,412.714285714286,34.8571428571429
2020-06-16,215342,21619,331,19,410.428571428571,31.8571428571429
2020-06-17,215686,21645,344,26,400.285714285714,29.8571428571429
2020-06-18,216013,21673,327,28,391.714285714286,29.2857142857143
2020-06-19,216421,21710,408,37,387.714285714286,27.2857142857143
2020-06-20,216803,21719,382,9,365.857142857143,24
2020-06-21,217189,21753,386,34,366,25
2020-06-22,217487,21796,298,43,353.714285714286,28
2020-06-23,217803,21817,316,21,351.571428571429,28.2857142857143
2020-06-24,218089,21838,286,21,343.285714285714,27.5714285714286
2020-06-25,218429,21856,340,18,345.142857142857,26.1428571428571
2020-06-26,218799,21893,370,37,339.714285714286,26.1428571428571
2020-06-27,219157,21913,358,20,336.285714285714,27.7142857142857
2020-06-28,219481,21940,324,27,327.428571428571,26.7142857142857
2020-06-29,219670,21941,189,1,311.857142857143,20.7142857142857
2020-06-30,219844,22566,174,625,291.571428571429,107
2020-07-01,220143,22574,299,8,293.428571428571,105.142857142857
2020-07-02,220567,22593,424,19,305.428571428571,105.285714285714
2020-07-03,221028,22610,461,17,318.428571428571,102.428571428571
2020-07-04,221395,22630,367,20,319.714285714286,102.428571428571
2020-07-05,221637,22661,242,31,308,103
2020-07-06,221882,22672,245,11,316,104.428571428571
2020-07-07,222156,22690,274,18,330.285714285714,17.7142857142857
2020-07-08,222444,22696,288,6,328.714285714286,17.4285714285714
2020-07-09,222723,22719,279,23,308,18
2020-07-10,223078,22739,355,20,292.857142857143,18.4285714285714
2020-07-11,223382,22750,304,11,283.857142857143,17.1428571428571
2020-07-12,223725,22755,343,5,298.285714285714,13.4285714285714
2020-07-13,223977,22795,252,40,299.285714285714,17.5714285714286
2020-07-14,224293,22808,316,13,305.285714285714,16.8571428571429
2020-07-15,224662,22825,369,17,316.857142857143,18.4285714285714
2020-07-16,225045,22842,383,17,331.714285714286,17.5714285714286
2020-07-17,225414,22848,369,6,333.714285714286,15.5714285714286
2020-07-18,225799,22859,385,11,345.285714285714,15.5714285714286
2020-07-19,226104,22872,305,13,339.857142857143,16.7142857142857
2020-07-20,226388,22882,284,10,344.428571428571,12.4285714285714
2020-07-21,226779,22895,391,13,355.142857142857,12.4285714285714
2020-07-22,227130,22899,351,4,352.571428571429,10.5714285714286
2020-07-23,227517,22934,387,35,353.142857142857,13.1428571428571
2020-07-24,227882,22936,365,2,352.571428571429,12.5714285714286
2020-07-25,228220,22947,338,11,345.857142857143,12.5714285714286
2020-07-26,228445,22956,225,9,334.428571428571,12
2020-07-27,228740,22970,295,14,336,12.5714285714286
2020-07-28,228939,22977,199,7,308.571428571429,11.7142857142857
2020-07-29,229237,22982,298,5,301,11.8571428571429
2020-07-30,229551,22996,314,14,290.571428571429,8.85714285714286
2020-07-31,229834,23002,283,6,278.857142857143,9.42857142857143
2020-08-01,230147,23007,313,5,275.285714285714,8.57142857142857
2020-08-02,230410,23012,263,5,280.714285714286,8
2020-08-03,230648,23021,238,9,272.571428571429,7.28571428571429
2020-08-04,230964,23027,316,6,289.285714285714,7.14285714285714
2020-08-05,231268,23034,304,7,290.142857142857,7.42857142857143
2020-08-06,231600,23563,332,529,292.714285714286,81
2020-08-07,231942,23567,342,4,301.142857142857,80.7142857142857
2020-08-08,232271,23575,329,8,303.428571428571,81.1428571428571
2020-08-09,232517,23580,246,5,301,81.1428571428571
2020-08-10,232756,23586,239,6,301.142857142857,80.7142857142857
2020-08-11,233030,23592,274,6,295.142857142857,80.7142857142857
2020-08-12,233422,23602,392,10,307.714285714286,81.1428571428571
2020-08-13,233859,23610,437,8,322.714285714286,6.71428571428571
2020-08-14,234223,23615,364,5,325.857142857143,6.85714285714286
2020-08-15,234609,23621,386,6,334,6.57142857142857
2020-08-16,234918,23628,309,7,343,6.85714285714286
2020-08-17,235155,23634,237,6,342.714285714286,6.85714285714286
2020-08-18,235446,23642,291,8,345.142857142857,7.14285714285714
2020-08-19,235714,23643,268,1,327.428571428571,5.85714285714286
2020-08-20,235985,23639,271,-4,303.714285714286,4.14285714285714
2020-08-21,236269,23641,284,2,292.285714285714,3.71428571428571
2020-08-22,236534,23646,265,5,275,3.57142857142857
2020-08-23,236822,23658,288,12,272,4.28571428571429
2020-08-24,237032,23662,210,4,268.142857142857,4
2020-08-25,237263,23666,231,4,259.571428571429,3.42857142857143
2020-08-26,237525,23669,262,3,258.714285714286,3.71428571428571
2020-08-27,237838,23674,313,5,264.714285714286,5
2020-08-28,238107,23680,269,6,262.571428571429,5.57142857142857
2020-08-29,238385,23683,278,3,264.428571428571,5.28571428571429
2020-08-30,238677,23689,292,6,265,4.42857142857143
2020-08-31,238938,23695,261,6,272.285714285714,4.71428571428571
2020-09-01,239246,23703,308,8,283.285714285714,5.28571428571429
2020-09-02,239512,23708,266,5,283.857142857143,5.57142857142857
2020-09-03,239815,23710,303,2,282.428571428571,5.14285714285714
2020-09-04,240139,23716,324,6,290.285714285714,5.14285714285714
2020-09-05,240416,23721,277,5,290.142857142857,5.42857142857143
2020-09-06,240711,23721,295,0,290.571428571429,4.57142857142857
2020-09-07,240919,23736,208,15,283,5.85714285714286
2020-09-08,241141,23744,222,8,270.714285714286,5.85714285714286
2020-09-09,241351,23741,210,-3,262.714285714286,4.71428571428571
2020-09-10,241686,23741,335,0,267.285714285714,4.42857142857143
2020-09-11,241936,23739,250,-2,256.714285714286,3.28571428571429
2020-09-12,242242,23743,306,4,260.857142857143,3.14285714285714
2020-09-13,242486,23743,244,0,253.571428571429,3.14285714285714
2020-09-14,242754,23750,268,7,262.142857142857,2
2020-09-15,243061,23758,307,8,274.285714285714,2
2020-09-16,243314,23762,253,4,280.428571428571,3
2020-09-17,243644,23767,330,5,279.714285714286,3.71428571428571
2020-09-18,243995,23775,351,8,294.142857142857,5.14285714285714
2020-09-19,244484,23771,489,-4,320.285714285714,4
2020-09-20,244885,23777,401,6,342.714285714286,4.85714285714286
2020-09-21,245147,23782,262,5,341.857142857143,4.57142857142857
2020-09-22,245495,23780,348,-2,347.714285714286,3.14285714285714
2020-09-23,245776,23780,281,0,351.714285714286,2.57142857142857
2020-09-24,246198,23785,422,5,364.857142857143,2.57142857142857
2020-09-25,246570,23792,372,7,367.857142857143,2.42857142857143
2020-09-26,247000,23795,430,3,359.428571428571,3.42857142857143
2020-09-27,247384,23801,384,6,357,3.42857142857143
2020-09-28,247765,23810,381,9,374,4
2020-09-29,248287,23814,522,4,398.857142857143,4.85714285714286
2020-09-30,248738,23823,451,9,423.142857142857,6.14285714285714
2020-10-01,249272,23829,534,6,439.142857142857,6.28571428571429
2020-10-02,249874,23846,602,17,472,7.71428571428571
2020-10-03,250583,23844,709,-2,511.857142857143,7
2020-10-04,251119,23852,536,8,533.571428571429,7.28571428571429
2020-10-05,251591,23861,472,9,546.571428571429,7.28571428571429
2020-10-06,252159,23866,568,5,553.142857142857,7.42857142857143
2020-10-07,252703,23873,544,7,566.428571428571,7.14285714285714
2020-10-08,253398,23874,695,1,589.428571428571,6.42857142857143
2020-10-09,254023,23879,625,5,592.714285714286,4.71428571428571
2020-10-10,254599,23882,576,3,573.714285714286,5.42857142857143
2020-10-11,255068,23883,469,1,564.142857142857,4.42857142857143
2020-10-12,255464,23890,396,7,553.285714285714,4.14285714285714
2020-10-13,256007,23895,543,5,549.714285714286,4.14285714285714
2020-10-14,256474,23905,467,10,538.714285714286,4.57142857142857
2020-10-15,256986,23915,512,10,512.571428571429,5.85714285714286
2020-10-16,257642,23915,656,0,517,5.14285714285714
2020-10-17,258452,23925,810,10,550.428571428571,6.14285714285714
2020-10-18,259064,23935,612,10,570.857142857143,7.42857142857143
2020-10-19,259484,23944,420,9,574.285714285714,7.71428571428571
2020-10-20,259920,23944,436,0,559,7
2020-10-21,260762,23949,842,5,612.571428571429,6.28571428571429
2020-10-22,261293,23955,531,6,615.285714285714,5.71428571428571
2020-10-23,261863,23963,570,8,603,6.85714285714286
2020-10-24,262615,23963,752,0,594.714285714286,5.42857142857143
2020-10-25,263269,23967,654,4,600.714285714286,4.57142857142857
2020-10-26,263694,23969,425,2,601.428571428571,3.57142857142857
2020-10-27,264428,23978,734,9,644,4.85714285714286
2020-10-28,265263,23980,835,2,643,4.42857142857143
2020-10-29,266321,23989,1058,9,718.285714285714,4.85714285714286
2020-10-30,267227,23996,906,7,766.285714285714,4.71428571428571
2020-10-31,267929,24001,702,5,759.142857142857,5.42857142857143
2020-11-01,268879,24013,950,12,801.428571428571,6.57142857142857
2020-11-02,269519,24017,640,4,832.142857142857,6.85714285714286
2020-11-03,270317,24021,798,4,841.285714285714,6.14285714285714
2020-11-04,271112,24034,795,13,835.571428571429,7.71428571428571
2020-11-05,272184,24047,1072,13,837.571428571429,8.28571428571429
2020-11-06,273386,24054,1202,7,879.857142857143,8.28571428571429
2020-11-07,274551,24060,1165,6,946,8.42857142857143
2020-11-08,275944,24074,1393,14,1009.28571428571,8.71428571428571
2020-11-09,277105,24085,1161,11,1083.71428571429,9.71428571428571
2020-11-10,278312,24087,1207,2,1142.14285714286,9.42857142857143
2020-11-11,280044,24096,1732,9,1276,8.85714285714286
2020-11-12,281707,24099,1663,3,1360.42857142857,7.42857142857143
2020-11-13,283533,24108,1826,9,1449.57142857143,7.71428571428571
2020-11-14,285333,24118,1800,10,1540.28571428571,8.28571428571429
2020-11-15,286785,24124,1452,6,1548.71428571429,7.14285714285714
2020-11-16,288078,24136,1293,12,1567.57142857143,7.28571428571429
2020-11-17,290018,24146,1940,10,1672.28571428571,8.42857142857143
2020-11-18,291753,24149,1735,3,1672.71428571429,7.57142857142857
2020-11-19,293592,24167,1839,18,1697.85714285714,9.71428571428571
2020-11-20,295622,24188,2030,21,1727,11.4285714285714
2020-11-21,297570,24202,1948,14,1748.14285714286,12
2020-11-22,299495,24206,1925,4,1815.71428571429,11.7142857142857
2020-11-23,301282,24218,1787,12,1886.28571428571,11.7142857142857
2020-11-24,303007,24220,1725,2,1855.57142857143,10.5714285714286
2020-11-25,304925,24230,1918,10,1881.71428571429,11.5714285714286
2020-11-26,307261,24241,2336,11,1952.71428571429,10.5714285714286
2020-11-27,309822,24255,2561,14,2028.57142857143,9.57142857142857
2020-11-28,311920,24260,2098,5,2050,8.28571428571429
2020-11-29,314223,24268,2303,8,2104,8.85714285714286
2020-11-30,316724,24274,2501,6,2206,8
2020-12-01,319301,24287,2577,13,2327.71428571429,9.57142857142857
2020-12-02,322501,24297,3200,10,2510.85714285714,9.57142857142857
2020-12-03,325806,24305,3305,8,2649.28571428571,9.14285714285714
2020-12-04,329406,24323,3600,18,2797.71428571429,9.71428571428571
2020-12-05,332633,24346,3227,23,2959,12.2857142857143
2020-12-06,335768,24365,3135,19,3077.85714285714,13.8571428571429
2020-12-07,339610,24387,3842,22,3269.42857142857,16.1428571428571
2020-12-08,342755,24416,3145,29,3350.57142857143,18.4285714285714
2020-12-09,346834,24411,4079,-5,3476.14285714286,16.2857142857143
2020-12-10,350283,24421,3449,10,3496.71428571429,16.5714285714286
2020-12-11,353596,24450,3313,29,3455.71428571429,18.1428571428571
2020-12-12,357489,24467,3893,17,3550.85714285714,17.2857142857143
2020-12-13,360700,24501,3211,34,3561.71428571429,19.4285714285714
2020-12-14,363669,24526,2969,25,3437,19.8571428571429
2020-12-15,367198,24561,3529,35,3491.85714285714,20.7142857142857
2020-12-16,370109,24578,2911,17,3325,23.8571428571429
2020-12-17,373320,24613,3211,35,3291,27.4285714285714
2020-12-18,377728,24652,4408,39,3447.42857142857,28.8571428571429
2020-12-19,381067,24677,3339,25,3368.28571428571,30
2020-12-20,383808,24697,2741,20,3301.14285714286,28
2020-12-21,387595,24735,3787,38,3418,29.8571428571429
2020-12-22,391634,24768,4039,33,3490.85714285714,29.5714285714286
2020-12-23,395810,24790,4176,22,3671.57142857143,30.2857142857143
2020-12-24,401251,24842,5441,52,3990.14285714286,32.7142857142857
2020-12-25,405857,24889,4606,47,4018.42857142857,33.8571428571429
2020-12-26,410048,24931,4191,42,4140.14285714286,36.2857142857143
2020-12-27,413472,24973,3424,42,4237.71428571429,39.4285714285714
2020-12-28,416922,25008,3450,35,4189.57142857143,39
2020-12-29,422074,25055,5152,47,4348.57142857143,41
2020-12-30,426279,25099,4205,44,4352.71428571429,44.1428571428571
2020-12-31,430863,25144,4584,45,4230.28571428571,43.1428571428571
2021-01-01,436692,25186,5829,42,4405,42.4285714285714
2021-01-02,442695,25211,6003,25,4663.85714285714,40
2021-01-03,446899,25244,4204,33,4775.28571428571,38.7142857142857
2021-01-04,450658,25284,3759,40,4819.42857142857,39.4285714285714
2021-01-05,455997,25309,5339,25,4846.14285714286,36.2857142857143
2021-01-06,460988,25362,4991,53,4958.42857142857,37.5714285714286
2021-01-07,467327,25416,6339,54,5209.14285714286,38.8571428571429
2021-01-08,474339,25453,7012,37,5378.14285714286,38.1428571428571
2021-01-09,481279,25505,6940,52,5512,42
2021-01-10,487551,25562,6272,57,5807.42857142857,45.4285714285714
2021-01-11,493306,25635,5755,73,6092.57142857143,50.1428571428571
2021-01-12,498877,25698,5571,63,6125.71428571429,55.5714285714286
2021-01-13,504826,25741,5949,43,6262.57142857143,54.1428571428571
2021-01-14,510711,25834,5885,93,6197.71428571429,59.7142857142857
2021-01-15,517963,25909,7252,75,6232,65.1428571428571
2021-01-16,524231,25970,6268,61,6136,66.4285714285714
2021-01-17,529834,26036,5603,66,6040.42857142857,67.7142857142857
2021-01-18,536287,26104,6453,68,6140.14285714286,67
2021-01-19,541846,26161,5559,57,6138.42857142857,66.1428571428571
2021-01-20,546195,26249,4349,88,5909.85714285714,72.5714285714286
2021-01-21,551415,26331,5220,82,5814.85714285714,71
2021-01-22,558262,26398,6847,67,5757,69.8571428571429
2021-01-23,564245,26466,5983,68,5716.28571428571,70.8571428571429
2021-01-24,569668,26558,5423,92,5690.57142857143,74.5714285714286
2021-01-25,575332,26648,5664,90,5577.85714285714,77.7142857142857
2021-01-26,580389,26720,5057,72,5506.14285714286,79.8571428571429
2021-01-27,584673,26763,4284,43,5496.85714285714,73.4285714285714
2021-01-28,591160,26856,6487,93,5677.85714285714,75
2021-01-29,597312,26953,6152,97,5578.57142857143,79.2857142857143
2021-01-30,603428,27042,6116,89,5597.57142857143,82.2857142857143
2021-01-31,608862,27138,5434,96,5599.14285714286,82.8571428571429
2021-02-01,613480,27226,4618,88,5449.71428571429,82.5714285714286
2021-02-02,617406,27298,3926,72,5288.14285714286,82.5714285714286
2021-02-03,621218,27354,3812,56,5220.71428571429,84.4285714285714
2021-02-04,623713,27428,2495,74,4650.42857142857,81.7142857142857
2021-02-05,626716,27506,3003,78,4200.57142857143,79
2021-02-06,632306,27609,5590,103,4125.42857142857,81
2021-02-07,637486,27705,5180,96,4089.14285714286,81
2021-02-08,642557,27768,5071,63,4153.85714285714,77.4285714285714
2021-02-09,647322,27856,4765,88,4273.71428571429,79.7142857142857
2021-02-10,650123,27949,2801,93,4129.28571428571,85
2021-02-11,655228,28021,5105,72,4502.14285714286,84.7142857142857
2021-02-12,659734,28094,4506,73,4716.85714285714,84
2021-02-13,664307,28193,4573,99,4571.57142857143,83.4285714285714
2021-02-14,668443,28270,4136,77,4422.42857142857,80.7142857142857
2021-02-15,672071,28341,3628,71,4216.28571428571,81.8571428571429
2021-02-16,675727,28428,3656,87,4057.85714285714,81.7142857142857
2021-02-17,678638,28493,2911,65,4073.57142857143,77.7142857142857
2021-02-18,684864,28590,6226,97,4233.71428571429,81.2857142857143
2021-02-19,689599,28686,4735,96,4266.42857142857,84.5714285714286
2021-02-20,694295,28748,4696,62,4284,79.2857142857143
2021-02-21,697306,28824,3011,76,4123.28571428571,79.1428571428571
2021-02-22,700815,28888,3509,64,4106.28571428571,78.1428571428571
2021-02-23,704616,28954,3801,66,4127,75.1428571428571
2021-02-24,707929,29025,3313,71,4184.42857142857,76
2021-02-25,712389,29088,4460,63,3932.14285714286,71.1428571428571
2021-02-26,716678,29173,4289,85,3868.42857142857,69.5714285714286
2021-02-27,720951,29253,4273,80,3808,72.1428571428571
2021-02-28,725155,29332,4204,79,3978.42857142857,72.5714285714286
2021-03-01,728859,29408,3704,76,4006.28571428571,74.2857142857143
2021-03-02,732557,29473,3698,65,3991.57142857143,74.1428571428571
2021-03-03,735732,29564,3175,91,3971.85714285714,77
2021-03-04,739632,29640,3900,76,3891.85714285714,78.8571428571429
2021-03-05,743683,29700,4051,60,3857.85714285714,75.2857142857143
2021-03-06,748241,29760,4558,60,3898.57142857143,72.4285714285714
2021-03-07,752617,29823,4376,63,3923.14285714286,70.1428571428571
2021-03-08,755495,29866,2878,43,3805.14285714286,65.4285714285714
2021-03-09,759421,29911,3926,45,3837.71428571429,62.5714285714286
2021-03-10,762458,29983,3037,72,3818,59.8571428571429
2021-03-11,766428,30068,3970,85,3828,61.1428571428571
2021-03-12,770654,30116,4226,48,3853,59.4285714285714
2021-03-13,773540,30174,2886,58,3614.14285714286,59.1428571428571
2021-03-14,777418,30258,3878,84,3543,62.1428571428571
2021-03-15,781734,30303,4316,45,3748.42857142857,62.4285714285714
2021-03-16,785307,30366,3573,63,3698,65
2021-03-17,788302,30406,2995,40,3692,60.4285714285714
2021-03-18,790069,30471,1767,65,3377.28571428571,57.5714285714286
2021-03-19,791453,30519,1384,48,2971.28571428571,57.5714285714286
2021-03-20,794261,30564,2808,45,2960.14285714286,55.7142857142857
2021-03-21,794261,30564,0,0,2406.14285714286,43.7142857142857
2021-03-22,796373,30564,2112,0,2091.28571428571,37.2857142857143
2021-03-23,799865,30564,3492,0,2079.71428571429,28.2857142857143
2021-03-24,816580,30793,16715,229,4039.71428571429,55.2857142857143
2021-03-25,821215,30852,4635,59,4449.42857142857,54.4285714285714
2021-03-26,825104,30898,3889,46,4807.28571428571,54.1428571428571
2021-03-27,829539,30949,4435,51,5039.71428571429,55
2021-03-28,834198,31026,4659,77,5705.28571428571,66
2021-03-29,839533,31117,5335,91,6165.71428571429,79
2021-03-30,841913,31142,2380,25,6006.85714285714,82.5714285714286
2021-03-31,845399,31209,3486,67,4117,59.4285714285714
2021-04-01,850006,31262,4607,53,4113,58.5714285714286
2021-04-02,854068,31316,4062,54,4137.71428571429,59.7142857142857
2021-04-03,857653,31388,3585,72,4016.28571428571,62.7142857142857
2021-04-04,861481,31449,3828,61,3897.57142857143,60.4285714285714
2021-04-05,864732,31500,3251,51,3599.85714285714,54.7142857142857
2021-04-06,867989,31531,3257,31,3725.14285714286,55.5714285714286
2021-04-07,870693,31598,2704,67,3613.42857142857,55.5714285714286
2021-04-08,874871,31641,4178,43,3552.14285714286,54.1428571428571
2021-04-09,878783,31694,3912,53,3530.71428571429,54
2021-04-10,882324,31731,3541,37,3524.42857142857,49
2021-04-11,885387,31792,3063,61,3415.14285714286,49
2021-04-12,888395,31853,3008,61,3380.42857142857,50.4285714285714
2021-04-13,890720,31887,2325,34,3247.28571428571,50.8571428571429
2021-04-14,893422,31957,2702,70,3247,51.2857142857143
2021-04-15,896256,32006,2834,49,3055,52.1428571428571
2021-04-16,899417,32040,3161,34,2947.71428571429,49.4285714285714
2021-04-17,901610,32085,2193,45,2755.14285714286,50.5714285714286
2021-04-18,904199,32114,2589,29,2687.42857142857,46
2021-04-19,907141,32140,2942,26,2678,41
2021-04-20,909652,32178,2511,38,2704.57142857143,41.5714285714286
2021-04-21,911566,32200,1914,22,2592,34.7142857142857
2021-04-22,914045,32253,2479,53,2541.28571428571,35.2857142857143
2021-04-23,916125,32295,2080,42,2386.85714285714,36.4285714285714
2021-04-24,917996,32344,1871,49,2340.85714285714,37
2021-04-25,919884,32375,1888,31,2240.71428571429,37.2857142857143
2021-04-26,921206,32392,1322,17,2009.28571428571,36
2021-04-27,923036,32456,1830,64,1912,39.7142857142857
2021-04-28,924187,32461,1151,5,1803,37.2857142857143
2021-04-29,925581,32513,1394,52,1648,37.1428571428571
2021-04-30,927141,32545,1560,32,1573.71428571429,35.7142857142857
2021-05-01,928840,32596,1699,51,1549.14285714286,36
2021-05-02,930132,32626,1292,30,1464,35.8571428571429
2021-05-03,931288,32662,1156,36,1440.28571428571,38.5714285714286
2021-05-04,932181,32698,893,36,1306.42857142857,34.5714285714286
2021-05-05,933197,32735,1016,37,1287.14285714286,39.1428571428571
2021-05-06,934286,32760,1089,25,1243.57142857143,35.2857142857143
2021-05-07,935271,32786,985,26,1161.42857142857,34.4285714285714
2021-05-08,936360,32810,1089,24,1074.28571428571,30.5714285714286
2021-05-09,937338,32836,978,26,1029.42857142857,30
2021-05-10,938087,32864,749,28,971.285714285714,28.8571428571429
2021-05-11,938577,32887,490,23,913.714285714286,27
2021-05-12,939478,32934,901,47,897.285714285714,28.4285714285714
2021-05-13,940321,32966,843,32,862.142857142857,29.4285714285714
2021-05-14,941094,32991,773,25,831.857142857143,29.2857142857143
2021-05-15,941485,32991,391,0,732.142857142857,25.8571428571429
2021-05-16,942440,33016,955,25,728.857142857143,25.7142857142857
2021-05-17,943021,33043,581,27,704.857142857143,25.5714285714286
2021-05-18,943942,33065,921,22,766.428571428571,25.4285714285714
2021-05-19,944306,33078,364,13,689.714285714286,20.5714285714286
2021-05-20,944940,33090,634,12,659.857142857143,17.7142857142857
2021-05-21,945568,33107,628,17,639.142857142857,16.5714285714286
2021-05-22,946029,33110,461,3,649.142857142857,17
2021-05-23,946469,33125,440,15,575.571428571429,15.5714285714286
2021-05-24,946844,33146,375,21,546.142857142857,14.7142857142857
2021-05-25,947310,33156,466,10,481.142857142857,13
2021-05-26,947602,33169,292,13,470.857142857143,13
2021-05-27,948116,33184,514,15,453.714285714286,13.4285714285714
2021-05-28,948499,33199,383,15,418.714285714286,13.1428571428571
2021-05-29,948833,33207,334,8,400.571428571429,13.8571428571429
2021-05-30,949153,33213,320,6,383.428571428571,12.5714285714286
2021-05-31,949390,33222,237,9,363.714285714286,10.8571428571429
2021-06-01,949653,33240,263,18,334.714285714286,12
2021-06-02,949793,33245,140,5,313,10.8571428571429
2021-06-03,949986,33257,193,12,267.142857142857,10.4285714285714
2021-06-04,950314,33277,328,20,259.285714285714,11.1428571428571
2021-06-05,950676,33280,362,3,263.285714285714,10.4285714285714
2021-06-06,950858,33302,182,22,243.571428571429,12.7142857142857
2021-06-07,951084,33307,226,5,242,12.1428571428571
2021-06-08,951322,33309,238,2,238.428571428571,9.85714285714286
2021-06-09,951532,33313,210,4,248.428571428571,9.71428571428571
2021-06-10,951817,33322,285,9,261.571428571429,9.28571428571429
2021-06-11,952238,33331,421,9,274.857142857143,7.71428571428571
2021-06-12,952396,33339,158,8,245.714285714286,8.42857142857143
2021-06-13,952559,33344,163,5,243,6
2021-06-14,952772,33348,213,4,241.142857142857,5.85714285714286
2021-06-15,952963,33359,191,11,234.428571428571,7.14285714285714
2021-06-16,953079,33358,116,-1,221,6.42857142857143
2021-06-17,953310,33370,231,12,213.285714285714,6.85714285714286
2021-06-18,953551,33371,241,1,187.571428571429,5.71428571428571
2021-06-19,953749,33374,198,3,193.285714285714,5
2021-06-20,953928,33374,179,0,195.571428571429,4.28571428571429
2021-06-21,954096,33378,168,4,189.142857142857,4.28571428571429
2021-06-22,954235,33388,139,10,181.714285714286,4.14285714285714
2021-06-23,954353,33390,118,2,182,4.57142857142857
2021-06-24,954567,33386,214,-4,179.571428571429,2.28571428571429
2021-06-25,954769,33391,202,5,174,2.85714285714286
2021-06-26,954954,33394,185,3,172.142857142857,2.85714285714286
2021-06-27,955180,33406,226,12,178.857142857143,4.57142857142857
2021-06-28,955367,33412,187,6,181.571428571429,4.85714285714286
2021-06-29,955505,33415,138,3,181.428571428571,3.85714285714286
2021-06-30,955649,33415,144,0,185.142857142857,3.57142857142857
2021-07-01,955871,33425,222,10,186.285714285714,5.57142857142857
2021-07-02,956102,33426,231,1,190.428571428571,5
2021-07-03,956230,33426,128,0,182.285714285714,4.57142857142857
2021-07-04,956381,33433,151,7,171.571428571429,3.85714285714286
2021-07-05,956616,33436,235,3,178.428571428571,3.42857142857143
2021-07-06,956795,33438,179,2,184.285714285714,3.28571428571429
2021-07-07,956963,33442,168,4,187.714285714286,3.85714285714286
2021-07-08,957382,33444,419,2,215.857142857143,2.71428571428571
2021-07-09,957815,33446,433,2,244.714285714286,2.85714285714286
2021-07-10,958290,33453,475,7,294.285714285714,3.85714285714286
2021-07-11,958847,33455,557,2,352.285714285714,3.14285714285714
2021-07-12,959266,33457,419,2,378.571428571429,3
2021-07-13,959649,33458,383,1,407.714285714286,2.85714285714286
2021-07-14,960038,33467,389,9,439.285714285714,3.57142857142857
2021-07-15,960561,33471,523,4,454.142857142857,3.85714285714286
2021-07-16,960813,33471,252,0,428.285714285714,3.57142857142857
2021-07-17,961832,33475,1019,4,506,3.14285714285714
2021-07-18,962484,33484,652,9,519.571428571429,4.14285714285714
2021-07-19,963063,33487,579,3,542.428571428571,4.28571428571429
2021-07-20,963700,33491,637,4,578.714285714286,4.71428571428571
2021-07-21,964210,33495,510,4,596,4
2021-07-22,965171,33501,961,6,658.571428571429,4.28571428571429
2021-07-23,966095,33502,924,1,754.571428571429,4.42857142857143
2021-07-24,967223,33505,1128,3,770.142857142857,4.28571428571429
2021-07-25,968343,33507,1120,2,837,3.28571428571429
2021-07-26,969316,33512,973,5,893.285714285714,3.57142857142857
2021-07-27,970189,33512,873,0,927,3
2021-07-28,971044,33519,855,7,976.285714285714,3.42857142857143
2021-07-29,972514,33521,1470,2,1049,2.85714285714286
2021-07-30,973870,33527,1356,6,1110.71428571429,3.57142857142857
2021-07-31,975638,33534,1768,7,1202.14285714286,4.14285714285714
2021-08-01,976974,33538,1336,4,1233,4.42857142857143
2021-08-02,978241,33545,1267,7,1275,4.71428571428571
2021-08-03,979815,33557,1574,12,1375.14285714286,6.42857142857143
2021-08-04,981123,33559,1308,2,1439.85714285714,5.71428571428571
2021-08-05,982876,33570,1753,11,1480.28571428571,7
2021-08-06,984871,33571,1995,1,1571.57142857143,6.28571428571429
2021-08-07,986967,33578,2096,7,1618.42857142857,6.28571428571429
2021-08-08,988831,33588,1864,10,1693.85714285714,7.14285714285714
2021-08-09,988831,33588,0,0,1512.85714285714,6.14285714285714
2021-08-10,988831,33588,0,0,1288,4.42857142857143
2021-08-11,993864,33618,5033,30,1820.14285714286,8.42857142857143
2021-08-12,996290,33636,2426,18,1916.28571428571,9.42857142857143
2021-08-13,998350,33639,2060,3,1925.57142857143,9.71428571428571
2021-08-14,1000703,33645,2353,6,1962.28571428571,9.57142857142857
2021-08-15,1002520,33657,1817,12,1955.57142857143,9.85714285714286
2021-08-16,1004659,33661,2139,4,2261.14285714286,10.4285714285714
2021-08-17,1006142,33684,1483,23,2473,13.7142857142857
2021-08-18,1007992,33684,1850,0,2018.28571428571,9.42857142857143
2021-08-19,1010304,33690,2312,6,2002,7.71428571428571
2021-08-20,1011428,33694,1124,4,1868.28571428571,7.85714285714286
2021-08-21,1014697,33720,3269,26,1999.14285714286,10.7142857142857
2021-08-22,1016792,33723,2095,3,2038.85714285714,9.42857142857143
2021-08-23,1018334,33736,1542,13,1953.57142857143,10.7142857142857
2021-08-24,1020062,33744,1728,8,1988.57142857143,8.57142857142857
2021-08-25,1021400,33763,1338,19,1915.42857142857,11.2857142857143
2021-08-26,1023599,33779,2199,16,1899.28571428571,12.7142857142857
2021-08-27,1025740,33788,2141,9,2044.57142857143,13.4285714285714
2021-08-28,1028125,33795,2385,7,1918.28571428571,10.7142857142857
2021-08-29,1028125,33795,0,0,1619,10.2857142857143
2021-08-30,1031455,33818,3330,23,1874.42857142857,11.7142857142857
2021-08-31,1032969,33830,1514,12,1843.85714285714,12.2857142857143
2021-09-01,1034266,33840,1297,10,1838,11
2021-09-02,1036299,33867,2033,27,1814.28571428571,12.5714285714286
2021-09-03,1038427,33875,2128,8,1812.42857142857,12.4285714285714
2021-09-04,1038427,33875,0,0,1471.71428571429,11.4285714285714
2021-09-05,1042059,33895,3632,20,1990.57142857143,14.2857142857143
2021-09-06,1043289,33907,1230,12,1690.57142857143,12.7142857142857
2021-09-07,1044283,33914,994,7,1616.28571428571,12
2021-09-08,1044283,33914,0,0,1431,10.5714285714286
2021-09-09,1047307,33968,3024,54,1572.57142857143,14.4285714285714
2021-09-10,1049126,33959,1819,-9,1528.42857142857,12
2021-09-11,1051595,33977,2469,18,1881.14285714286,14.5714285714286
2021-09-12,1051595,33977,0,0,1362.28571428571,11.7142857142857
2021-09-13,1054705,34001,3110,24,1630.85714285714,13.4285714285714
2021-09-14,1056265,34026,1560,25,1711.71428571429,16
2021-09-15,1057892,34034,1627,8,1944.14285714286,17.1428571428571
2021-09-16,1059884,34052,1992,18,1796.71428571429,12
2021-09-17,1062049,34058,2165,6,1846.14285714286,14.1428571428571
2021-09-18,1062049,34058,0,0,1493.42857142857,11.5714285714286
2021-09-19,1066253,34072,4204,14,2094,13.5714285714286
2021-09-20,1067847,34074,1594,2,1877.42857142857,10.4285714285714
2021-09-21,1069567,34102,1720,28,1900.28571428571,10.8571428571429
2021-09-22,1071132,34122,1565,20,1891.42857142857,12.5714285714286
2021-09-23,1072875,34133,1743,11,1855.85714285714,11.5714285714286
2021-09-24,1074557,34156,1682,23,1786.85714285714,14
2021-09-25,1074557,34156,0,0,1786.85714285714,14
2021-09-26,1078382,34186,3825,30,1732.71428571429,16.2857142857143
2021-09-27,1078382,34186,0,0,1505,16
2021-09-28,1080909,34208,2527,22,1620.28571428571,15.1428571428571
2021-09-29,1082099,34245,1190,37,1566.71428571429,17.5714285714286
2021-09-30,1083700,34264,1601,19,1546.42857142857,18.7142857142857
2021-10-01,1085590,34284,1890,20,1576.14285714286,18.2857142857143
2021-10-02,1085590,34284,0,0,1576.14285714286,18.2857142857143
2021-10-03,1085590,34284,0,0,1029.71428571429,14
2021-10-04,1090016,34311,4426,27,1662,17.8571428571429
2021-10-05,1091216,34316,1200,5,1472.42857142857,15.4285714285714
2021-10-06,1093220,34334,2004,18,1588.71428571429,12.7142857142857
2021-10-07,1095144,34333,1924,-1,1634.85714285714,9.85714285714286
2021-10-08,1096640,34355,1496,22,1578.57142857143,10.1428571428571
2021-10-09,1096640,34355,0,0,1578.57142857143,10.1428571428571
2021-10-10,1096640,34355,0,0,1578.57142857143,10.1428571428571
2021-10-11,1100739,34384,4099,29,1531.85714285714,10.4285714285714
2021-10-12,1101644,34402,905,18,1489.71428571429,12.2857142857143
2021-10-13,1102649,34434,1005,32,1347,14.2857142857143
2021-10-14,1103818,34442,1169,8,1239.14285714286,15.5714285714286
2021-10-15,1105853,34438,2035,-4,1316.14285714286,11.8571428571429
2021-10-16,1105853,34438,0,0,1316.14285714286,11.8571428571429
2021-10-17,1105853,34438,0,0,1316.14285714286,11.8571428571429
2021-10-18,1108926,34460,3073,22,1169.57142857143,10.8571428571429
2021-10-19,1110370,34467,1444,7,1246.57142857143,9.28571428571429
2021-10-20,1111610,34480,1240,13,1280.14285714286,6.57142857142857
2021-10-21,1112797,34483,1187,3,1282.71428571429,5.85714285714286
2021-10-22,1113762,34502,965,19,1129.85714285714,9.14285714285714
2021-10-23,1113762,34502,0,0,1129.85714285714,9.14285714285714
2021-10-24,1113762,34502,0,0,1129.85714285714,9.14285714285714
2021-10-25,1116428,34531,2666,29,1071.71428571429,10.1428571428571
2021-10-26,1117283,34533,855,2,987.571428571429,9.42857142857143
2021-10-27,1117924,34544,641,11,902,9.14285714285714
2021-10-28,1117924,34544,0,0,732.428571428571,8.71428571428571
2021-10-29,1119470,34557,1546,13,815.428571428571,7.85714285714286
2021-10-30,1119470,34557,0,0,815.428571428571,7.85714285714286
2021-10-31,1119470,34557,0,0,815.428571428571,7.85714285714286
2021-11-01,1122970,34580,3500,23,934.571428571429,7
2021-11-02,1123586,34589,616,9,900.428571428571,8
2021-11-03,1124370,34601,784,12,920.857142857143,8.14285714285714
2021-11-04,1125344,34602,974,1,1060,8.28571428571429
2021-11-05,1126321,34621,977,19,978.714285714286,9.14285714285714
2021-11-06,1126321,34621,0,0,978.714285714286,9.14285714285714
2021-11-07,1126321,34621,0,0,978.714285714286,9.14285714285714
2021-11-08,1129381,34634,3060,13,915.857142857143,7.71428571428571
2021-11-09,1130334,34647,953,13,964,8.28571428571429
2021-11-10,1131209,34659,875,12,977,8.28571428571429
2021-11-11,1132591,34665,1382,6,1035.28571428571,9
2021-11-12,1133838,34679,1247,14,1073.85714285714,8.28571428571429
2021-11-13,1133838,34679,0,0,1073.85714285714,8.28571428571429
2021-11-14,1133838,34679,0,0,1073.85714285714,8.28571428571429
2021-11-15,1137465,34688,3627,9,1154.85714285714,7.71428571428571
2021-11-16,1138567,34705,1102,17,1176.14285714286,8.28571428571429
2021-11-17,1139671,34717,1104,12,1208.85714285714,8.28571428571429
2021-11-18,1141269,34725,1598,8,1239.71428571429,8.57142857142857
2021-11-19,1142844,34738,1575,13,1286.57142857143,8.42857142857143
2021-11-20,1142844,34738,0,0,1286.57142857143,8.42857142857143
2021-11-21,1146157,34747,3313,9,1759.85714285714,9.71428571428571
2021-11-22,1147379,34747,1222,0,1416.28571428571,8.42857142857143
2021-11-23,1148868,34757,1489,10,1471.57142857143,7.42857142857143
2021-11-24,1150184,34773,1316,16,1501.85714285714,8
2021-11-25,1150184,34773,0,0,1273.57142857143,6.85714285714286
2021-11-26,1153447,34794,3263,21,1514.71428571429,8
2021-11-27,1153447,34794,0,0,1514.71428571429,8
2021-11-28,1153447,34794,0,0,1041.42857142857,6.71428571428571
2021-11-29,1157609,34808,4162,14,1461.42857142857,8.71428571428571
2021-11-30,1159083,34828,1474,20,1459.28571428571,10.1428571428571
2021-12-01,1160766,34848,1683,20,1511.71428571429,10.7142857142857
2021-12-02,1163161,34856,2395,8,1853.85714285714,11.8571428571429
2021-12-03,1165550,34867,2389,11,1729,10.4285714285714
2021-12-04,1165550,34867,0,0,1729,10.4285714285714
2021-12-05,1165550,34867,0,0,1729,10.4285714285714
2021-12-06,1172522,34883,6972,16,2130.42857142857,10.7142857142857
2021-12-07,1175008,34905,2486,22,2275,11
2021-12-08,1177016,34925,2008,20,2321.42857142857,11
2021-12-09,1180458,34940,3442,15,2471,12
2021-12-10,1183680,34956,3222,16,2590,12.7142857142857
2021-12-11,1183680,34956,0,0,2590,12.7142857142857
2021-12-12,1183680,34956,0,0,2590,12.7142857142857
2021-12-13,1193580,34971,9900,15,3008.28571428571,12.5714285714286
2021-12-14,1197369,34992,3789,21,3194.42857142857,12.4285714285714
2021-12-15,1201892,35016,4523,24,3553.71428571429,13
2021-12-16,1209454,35020,7562,4,4142.28571428571,11.4285714285714
2021-12-17,1219276,35045,9822,25,5085.14285714286,12.7142857142857
2021-12-18,1219276,35045,0,0,5085.14285714286,12.7142857142857
2021-12-19,1237462,35066,18186,21,7683.14285714286,15.7142857142857
2021-12-20,1249755,35067,12293,1,8025,13.7142857142857
2021-12-21,1267713,35100,17958,33,10049.1428571429,15.4285714285714
2021-12-22,1284470,35126,16757,26,11796.8571428571,15.7142857142857
2021-12-23,1302298,35151,17828,25,13263.4285714286,18.7142857142857
2021-12-24,1317511,35151,15213,0,14033.5714285714,15.1428571428571
2021-12-25,1317511,35151,0,0,14033.5714285714,15.1428571428571
2021-12-26,1372339,35151,54828,0,19268.1428571429,12.1428571428571
2021-12-27,1394411,35200,22072,49,20665.1428571429,19
2021-12-28,1430241,35204,35830,4,23218.2857142857,14.8571428571429
2021-12-29,1463101,35304,32860,100,25518.7142857143,25.4285714285714
2021-12-30,1503957,35349,40856,45,28808.4285714286,28.2857142857143
2021-12-31,1549341,35382,45384,33,33118.5714285714,33
2022-01-01,1594682,35402,45341,20,39595.8571428571,35.8571428571429
2022-01-02,1630332,35448,35650,46,36856.1428571429,42.4285714285714
2022-01-03,1668333,35463,38001,15,39131.7142857143,37.5714285714286
2022-01-04,1697200,35514,28867,51,38137,44.2857142857143
2022-01-05,1737167,35605,39967,91,39152.2857142857,43
2022-01-06,1779501,35683,42334,78,39363.4285714286,47.7142857142857
2022-01-07,1823779,35793,44278,110,39205.4285714286,58.7142857142857
2022-01-08,1871370,35793,47591,0,39526.8571428571,55.8571428571429
2022-01-09,1914011,35883,42641,90,40525.5714285714,62.1428571428571
2022-01-10,1949382,35906,35371,23,40149.8571428571,63.2857142857143
2022-01-11,1978014,36089,28632,183,40116.2857142857,82.1428571428571
2022-01-12,2005338,36224,27324,135,38310.1428571429,88.4285714285714
2022-01-13,2038543,36374,33205,150,37006,98.7142857142857
2022-01-14,2058308,36509,19765,135,33504.1428571429,102.285714285714
2022-01-15,2081362,36509,23054,0,29998.8571428571,102.285714285714
2022-01-16,2109910,36509,28548,0,27985.5714285714,89.4285714285714
2022-01-17,2123721,36698,13811,189,24905.5714285714,113.142857142857
2022-01-18,2134609,36949,10888,251,22370.7142857143,122.857142857143
2022-01-19,2145910,37122,11301,173,20081.7142857143,128.285714285714
2022-01-20,2159384,37228,13474,106,17263,122
2022-01-21,2171659,37364,12275,136,16193,122.142857142857
2022-01-22,2185081,37364,13422,0,14817,122.142857142857
2022-01-23,2193995,37519,8914,155,12012.1428571429,144.285714285714
2022-01-24,2199434,37544,5439,25,10816.1428571429,120.857142857143
2022-01-25,2207235,37757,7801,213,10375.1428571429,115.428571428571
2022-01-26,2212749,37918,5514,161,9548.42857142857,113.714285714286
2022-01-27,2219000,38034,6251,116,8516.57142857143,115.142857142857
2022-01-28,2224517,38162,5517,128,7551.14285714286,114
2022-01-29,2229118,38294,4601,132,6291,132.857142857143
2022-01-30,2229118,38294,0,0,5017.57142857143,110.714285714286
2022-01-31,2235126,38320,6008,26,5098.85714285714,110.857142857143
2022-02-01,2237114,38469,1988,149,4268.42857142857,101.714285714286
2022-02-02,2239366,38569,2252,100,3802.42857142857,93
2022-02-03,2243326,38677,3960,108,3475.14285714286,91.8571428571429
2022-02-04,2245915,38766,2589,89,3056.85714285714,86.2857142857143
2022-02-05,2245915,38766,0,0,2399.57142857143,67.4285714285714
2022-02-06,2250893,38863,4978,97,3110.71428571429,81.2857142857143
2022-02-07,2252531,38876,1638,13,2486.42857142857,79.4285714285714
2022-02-08,2254081,39012,1550,136,2423.85714285714,77.5714285714286
2022-02-09,2256018,39120,1937,108,2378.85714285714,78.7142857142857
2022-02-10,2259265,39192,3247,72,2277,73.5714285714286
2022-02-11,2260841,39256,1576,64,2132.28571428571,70
2022-02-12,2260841,39256,0,0,2132.28571428571,70
2022-02-13,2263895,39320,3054,64,1857.42857142857,65.2857142857143
2022-02-14,2264844,39324,949,4,1759,64
2022-02-15,2265529,39416,685,92,1635.42857142857,57.7142857142857
2022-02-16,2266398,39468,869,52,1482.85714285714,49.7142857142857
2022-02-17,2267599,39503,1201,35,1190.57142857143,44.4285714285714
2022-02-18,2269786,39554,2187,51,1277.85714285714,42.5714285714286
2022-02-19,2269786,39554,0,0,1277.85714285714,42.5714285714286
